T,LSS,S-LSS,SRS-LSS,KS,UKS
30000,0.030099189730316268,0.0017558398428179738,0.00013919201789139174,0.010611755823492839,0.033302689326794234
40000,0.023117682366207207,0.001711623249144041,0.00010298676608328431,0.007715298780049846,0.025172398044505967
50000,0.01808993768238492,0.001605464935071409,8.14023358875002e-05,0.0061805683238447175,0.020037132749740862
60000,0.015200707810636807,0.00157028157731762,6.793433179214107e-05,0.005301851022729909,0.016596016532669886
70000,0.012883625812844813,0.001488690436065611,5.870787834943264e-05,0.004455102742243323,0.014049286183275195
80000,0.011164895398639846,0.0013957159458245923,5.1425915311030166e-05,0.0039059059852175693,0.01254304019290333
100000,0.009004116207546549,0.0012098522337918726,4.124608624675301e-05,0.0031201402611321545,0.009999321457086279
