Algorithm,MinAbsPlayerError,MeanAbsPlayerError,MaxAbsPlayerError,MinAbsError,MeanAbsError,MaxAbsError,MinSquaredError,MeanSquaredError,MaxSquaredError,MinAbsGlobalError,MaxAbsGlobalError,MinSquaredGlobalError,MaxSquaredGlobalError
LSS,0.0002048121742543995,0.10303527882728343,0.5176726345487347,0.0016504884676601162,0.10763049821541171,0.370759321171381,5.319011204510909e-06,0.018205489430710323,0.1405490101244663,6.463427852099191e-07,0.6109123470925031,4.177589959929156e-13,0.373213895830071
UKS,2.216932781200047e-05,0.11586942447884244,0.5232180992619087,0.0017369193643976563,0.11276315716143648,0.3874690289312342,5.812852591489467e-06,0.019932763863358224,0.15331383251084066,6.370696346791327e-06,0.628228646770667,4.0585771943020356e-11,0.3946712326233035
S-LSS,5.429467124229946e-05,0.042407524349642144,0.20902800310644862,0.0004803191912571391,0.029778600392180703,0.12253858529657373,4.3809855116672353e-07,0.0016039065707123632,0.015449473099424483,9.903633450131233e-08,0.2211906302079731,9.808195551455827e-15,0.04892529489180031
