T,LSS,S-LSS,SRS-LSS,KS,UKS
10000,1.2189585601496946,2.501567651559237,0.14318245804444263,0.025203362256095957,1.2047560911893163
15000,0.8108518715843108,1.626579217110719,0.10126042482670927,0.017115738414984875,0.7345713256197133
20000,0.6079812268943213,1.2499299796948804,0.0774834487667101,0.013824589401948292,0.575728317246966
25000,0.49361496618880507,1.070457986363246,0.062391708925900125,0.011459278210477496,0.45895211420302123
30000,0.4018744804716392,0.8634247034092568,0.04823202806039412,0.009299435886470616,0.3820901611987913
40000,0.3039787887118577,0.6215585211070638,0.036054123701420256,0.0067675666444011705,0.26843965661799474
50000,0.25516734390589607,0.4995533490349631,0.030242194643618516,0.005202045067537551,0.23315214501096204
