tau,LSS,S-LSS,SRS-LSS,UKS
10000,0.0015277181138706915,0.002366234045267705,0.00023026345053216957,0.0014561463523512749
15000,0.001015295857137236,0.0016282799321725475,0.00015448050625621655,0.0009770906450358905
20000,0.0007947059621717636,0.0013153984979053324,0.0001136939504170197,0.000743252770681436
25000,0.0006628594617353078,0.0009546529428533828,9.663455948484522e-05,0.0006049618631955243
30000,0.0004976971509166016,0.0008244248894528891,7.816037709935195e-05,0.0004985282835629105
40000,0.00037186593028978166,0.0006009869090068561,5.699247722492016e-05,0.0003888529885767442
50000,0.00032082728713365207,0.0004640261643468663,4.630827949877709e-05,0.0003117607250235801
