tau,LSS,S-LSS,SRS-LSS,UKS
10000,0.0003063001773917636,0.0010057879626126864,5.372427573669104e-05,0.0003048389900752875
15000,0.00019145812265951247,0.0007120644574789819,3.6141773914032636e-05,0.0001899908836433936
20000,0.00014408647221125196,0.0005320689111190346,2.841084527879517e-05,0.00014930567504689652
25000,0.00011790637050106546,0.0004046590489017236,2.1287134116889897e-05,0.00011680018253750064
30000,9.714152126934335e-05,0.0003500013370597395,1.9048052973130864e-05,9.648136777171743e-05
40000,7.131931392670226e-05,0.0002534937872909761,1.410806524721191e-05,7.655398658904395e-05
50000,5.699233925166568e-05,0.000201184098545616,1.1114372183688146e-05,5.622035860236337e-05
