Algorithm,MinAbsPlayerError,MeanAbsPlayerError,MaxAbsPlayerError,MinAbsError,MeanAbsError,MaxAbsError,MinSquaredError,MeanSquaredError,MaxSquaredError,MinAbsGlobalError,MaxAbsGlobalError,MinSquaredGlobalError,MaxSquaredGlobalError
LSS,1.9003137278501142e-05,0.00739326307140958,0.0323361711557336,0.00022771012568173282,0.0075120804958383495,0.023497876277371103,9.793578201498101e-08,8.863815906813751e-05,0.000568149046219967,7.605877890004553e-08,0.039272794532680906,5.7849378477660115e-15,0.0015423523904061712
UKS,1.4803898087199091e-05,0.00750406631366676,0.034335326000493,0.00024164123278547748,0.007506359430982917,0.02351480084765747,1.1805248655328156e-07,8.830413835739093e-05,0.0005688519216394936,7.945960740080027e-08,0.0386960735478503,6.313829208289313e-15,0.0014973861080206396
S-LSS,4.138808324800208e-06,0.005818497449260182,0.025015341384447304,0.00018936152452519062,0.006011929960808715,0.018934719167131974,6.650915907072792e-08,5.671415774965596e-05,0.0003693736845468037,1.601322660998994e-07,0.0339806247141284,2.5642342646288988e-14,0.001154682855962434
